<?xml version="1.0" encoding="UTF-8"?>
<beans xmlns="http://www.springframework.org/schema/beans"
	xmlns:xsi="http://www.w3.org/2001/XMLSchema-instance"
	xmlns:context="http://www.springframework.org/schema/context"
	xmlns:mybatis-spring="http://mybatis.org/schema/mybatis-spring"
	xmlns:tx="http://www.springframework.org/schema/tx"
	xsi:schemaLocation="http://mybatis.org/schema/mybatis-spring http://mybatis.org/schema/mybatis-spring-1.2.xsd
		http://www.springframework.org/schema/beans https://www.springframework.org/schema/beans/spring-beans.xsd
		http://www.springframework.org/schema/context http://www.springframework.org/schema/context/spring-context-3.1.xsd
		http://www.springframework.org/schema/tx http://www.springframework.org/schema/tx/spring-tx-4.3.xsd">
	
	<!-- Root Context: defines shared resources visible to all other web components -->
		
	<bean id="hikariConfig" class="com.zaxxer.hikari.HikariConfig">
<!-- 		<property name="driverClassName" value="oracle.jdbc.driver.OracleDriver" /> -->
<!-- 		<property name="jdbcUrl" value="jdbc:oracle:thin:@192.168.1.100:1521:xe" /> -->

		<property name="driverClassName" value="net.sf.log4jdbc.sql.jdbcapi.DriverSpy" />
		<property name="jdbcUrl" value="jdbc:log4jdbc:oracle:thin:@192.168.1.100:1521:xe" />
		
		<property name="username" value="c##itbank" />
		<property name="password" value="it" />
	</bean>

	<bean id="dataSource" class="com.zaxxer.hikari.HikariDataSource">
		<constructor-arg ref="hikariConfig" />
	</bean>
	
	<!-- 
			classpath
					src/main/java
					src/main/resources
	 -->

	<bean id="sqlSessionFactory" class="org.mybatis.spring.SqlSessionFactoryBean">
		<property name="dataSource" ref="dataSource" />
		
		<property name="configLocation" value="classpath:mybatis/config.xml"/>
		<property name="mapperLocations">
			<list>
				<value>classpath:mybatis/upload-mapper.xml</value>
			</list>
			
		</property>

	</bean>
	
	

	<bean id="sqlSessionTemplate" class="org.mybatis.spring.SqlSessionTemplate">
		<constructor-arg ref="sqlSessionFactory" />
	</bean>
	
		<!--  트랜잭션 어노테이션을 활성화한다.  -->
	<tx:annotation-driven/>
	
	<!-- 트랜잭션을 관리하는 객체를 생성한다(어노테이션과 연결되어 작동한다)  -->
	<bean id="transactionManager"
			  class="org.springframework.jdbc.datasource.DataSourceTransactionManager">
			<property name="dataSource" ref="dataSource" />		  
	</bean>
	
	<context:component-scan base-package="com.itbank.service"/>
	<mybatis-spring:scan base-package="com.itbank.repository"/>
	
</beans>
